<?xml version="1.0" encoding="UTF-8"?>
<!DOCTYPE configuration
  PUBLIC "-//mybatis.org//DTD Config 3.0//EN"
  "http://mybatis.org/dtd/mybatis-3-config.dtd">
<configuration>
	<properties resource="/config/db.properties"/>
	<settings>
		<setting name="jdbcTypeForNull" value="NULL"></setting>
	</settings>  
	  <environments default="development">
	    <environment id="development">
	      <transactionManager type="JDBC"/>
	      <dataSource type="POOLED">
	        <property name="driver" value="${driver}"/>
	        <property name="url" value="${url}"/>
	        <property name="username" value="${username}"/>
	        <property name="password" value="${password}"/>
	      </dataSource>
	    </environment>
	  </environments>
  <mappers>
    <mapper resource="co/micol/prj/border/service/border-map.xml"/>
    <mapper resource="co/micol/prj/notice/service/notice-mpa.xml"/>
  </mappers>
</configuration>